true_label,pred_label,confidence
齿轮故障,齿轮故障,0.993206
正常,正常,0.9971593
正常,正常,0.97868097
正常,正常,0.99692893
过热,过热,0.9932964
齿轮故障,齿轮故障,0.9698276
轴承故障,轴承故障,0.9961284
正常,正常,0.9939092
正常,正常,0.70484996
过热,过热,0.6264915
正常,正常,0.9972135
不平衡,不平衡,0.99469227
不平衡,不平衡,0.9945794
不平衡,不平衡,0.9957557
正常,正常,0.81249636
轴承故障,轴承故障,0.99137
齿轮故障,齿轮故障,0.94617105
齿轮故障,齿轮故障,0.9464912
过热,过热,0.8483329
正常,正常,0.99098784
轴承故障,轴承故障,0.9955721
轴承故障,轴承故障,0.96303874
